{"train/train_loss": 5.162316740180056, "train/train_loss_oneclass": 1.0702198447607871, "train/train_loss_multiclass": 4.0920968933237925, "train/train_iou_multiclass": 0.9998901660338626, "train/lr": 0.0005, "train/epoch": 1, "_timestamp": 1727363748.480477, "_runtime": 457.3523631095886, "_step": 3, "val/val_iou_multiclass": 0.0, "val/val_iou_oneclass": 1.0, "val/val_ap_oneclass": 0.023120866394169617, "val/val_ap_head": 0.02475133205846037, "val/val_ap_tail": 0.008552228779622707, "val/epoch": 1, "val/plot": {"_type": "image-file", "sha256": "5290338425ffc96539a84e56c549680fe766bc60cac34534378a387c3ef48fc2", "size": 27208, "path": "media/images/val/plot_2_5290338425ffc96539a8.png", "format": "png", "width": 2000, "height": 1000}, "val/plot2": {"_type": "image-file", "sha256": "dc26c2ec6240f8699397e497dfefc96fe8dae7491f13073816ac956ccef91f8e", "size": 27165, "path": "media/images/val/plot2_3_dc26c2ec6240f8699397.png", "format": "png", "width": 2000, "height": 1000}}