{"inference/Mean Iou oneclass (annotator1)": 0.48268922609589154, "inference/Iou for each class oneclass (annotator1)": [0.9922250447506968, 0.48268922609589154], "inference/Mean Iou multiclass (annotator1)": 0.5044741203531989, "inference/Iou for each class multiclass (annotator1)": [0.9895877948615261, 0.32196822826310395, 0.6869800124432939], "inference/Optimal threshold multiclass": 0.7677165269851685, "inference/Optimal IoU multiclass": 0.5305387916423826, "inference/Optimal threshold oneclass": 0.5, "inference/Optimal IoU oneclass": 0.48268922609589154, "inference/AP oneclass": 0.6503241529403616, "inference/Optimal IoU head": 0.7356860604954581, "inference/Optimal IoU tail": 0.3314390707693062, "inference/Optimal threshold head": 0.8307086825370789, "inference/Optimal threshold tail": 0.7086614370346069, "inference/IoU multiclass best tresholds": 0.5352449036757023, "inference/IoU merge treshold": 0.8110235929489136, "inference/Optimal IoU merge": 0.49044237889411774, "inference/IoU full agreement": 0.5272889152302993, "_timestamp": 1727098128.55124, "_runtime": 451.07844591140747, "_step": 0, "_wandb": {"runtime": 450}}