{"inference/Mean Iou oneclass (annotator1)": 0.6041178623718542, "inference/Iou for each class oneclass (annotator1)": [0.9956378640780172, 0.6041178623718542], "inference/Mean Iou multiclass (annotator1)": 0.6484693258137393, "inference/Iou for each class multiclass (annotator1)": [0.9953277546753511, 0.5314248628180184, 0.7655137888094603], "inference/Optimal threshold multiclass": 0.5118110179901123, "inference/Optimal IoU multiclass": 0.6492814509272831, "inference/Optimal threshold oneclass": 0.26377952098846436, "inference/Optimal IoU oneclass": 0.6435437342839109, "inference/AP oneclass": 0.8482726247998952, "inference/Optimal IoU head": 0.7663540697243241, "inference/Optimal IoU tail": 0.5373223649691576, "inference/Optimal threshold head": 0.4606299102306366, "inference/Optimal threshold tail": 0.5944882035255432, "inference/IoU multiclass best tresholds": 0.6504618816884156, "inference/IoU merge treshold": 0.6220472455024719, "inference/Optimal IoU merge": 0.6404947577941177, "inference/IoU full agreement": 0.6523394742000572, "_timestamp": 1727181200.042186, "_runtime": 444.40738797187805, "_step": 0, "_wandb": {"runtime": 444}}