{"inference/Mean Iou oneclass (annotator1)": 0.6106139533638574, "inference/Iou for each class oneclass (annotator1)": [0.9956841051897526, 0.6106139533638574], "inference/Mean Iou multiclass (annotator1)": 0.6524805927495548, "inference/Iou for each class multiclass (annotator1)": [0.9953470554624002, 0.5334791185599586, 0.7714820669391511], "inference/Optimal threshold multiclass": 0.5433070659637451, "inference/Optimal IoU multiclass": 0.6556098778870306, "inference/Optimal threshold oneclass": 0.27952754497528076, "inference/Optimal IoU oneclass": 0.6468666176551527, "inference/AP oneclass": 0.8494674470743636, "inference/Optimal IoU head": 0.7731189383231851, "inference/Optimal IoU tail": 0.5405028376538704, "inference/Optimal threshold head": 0.5196850299835205, "inference/Optimal threshold tail": 0.6023622155189514, "inference/IoU multiclass best tresholds": 0.6552456775452205, "inference/IoU merge treshold": 0.6023622155189514, "inference/Optimal IoU merge": 0.6462366610045543, "inference/IoU full agreement": 0.6554322904256435, "_timestamp": 1727180053.3337657, "_runtime": 423.8783676624298, "_step": 0, "_wandb": {"runtime": 423}}