{"train/train_loss": 0.328290121940275, "train/train_loss_oneclass": 0.1059673290906681, "train/train_loss_multiclass": 0.2223227960574958, "train/train_iou_multiclass": 0.6898553810946283, "train/lr": 0.0005, "train/epoch": 1, "_timestamp": 1727434520.6161618, "_runtime": 443.35675382614136, "_step": 3, "val/val_iou_multiclass": 0.0, "val/val_iou_oneclass": 0.7580523390678213, "val/val_ap_oneclass": 0.28741635106393787, "val/val_ap_head": 0.6317882719347524, "val/val_ap_tail": 0.024193797319587027, "val/epoch": 1, "val/plot": {"_type": "image-file", "sha256": "9dd7d5ef78db7570e6062d0921ebceb7ceed64db65ba22cdb9241df3ba3b8094", "size": 29010, "path": "media/images/val/plot_2_9dd7d5ef78db7570e606.png", "format": "png", "width": 2000, "height": 1000}, "val/plot2": {"_type": "image-file", "sha256": "4741693599c76bdf91cc4682677e0b46076e9bf9d6ea954d67baef57af7c15f5", "size": 28642, "path": "media/images/val/plot2_3_4741693599c76bdf91cc.png", "format": "png", "width": 2000, "height": 1000}, "_wandb": {"runtime": 455}}