{"train/train_loss": 1.6654387563467026, "train/train_loss_oneclass": 0.09853792661387059, "train/train_loss_multiclass": 1.5669008072258697, "train/train_iou_multiclass": 0.9998607671778211, "train/lr": 0.0005, "train/epoch": 1, "_timestamp": 1727366865.1648629, "_runtime": 489.38511180877686, "_step": 3, "val/val_iou_multiclass": 0.0, "val/val_iou_oneclass": 1.0, "val/val_ap_oneclass": 0.2995032612376201, "val/val_ap_head": 0.5620673488721537, "val/val_ap_tail": 0.014951125101519394, "val/epoch": 1, "val/plot": {"_type": "image-file", "sha256": "658c530725ca076e2d7f32b780f18890e70e0bb0702ab1ee58edcffa840b81ee", "size": 28354, "path": "media/images/val/plot_2_658c530725ca076e2d7f.png", "format": "png", "width": 2000, "height": 1000}, "val/plot2": {"_type": "image-file", "sha256": "486781e913bd33d74b5a2aac046ebbe4cefc32ac1d749a8ec53bbf64e0df96bd", "size": 28356, "path": "media/images/val/plot2_3_486781e913bd33d74b5a.png", "format": "png", "width": 2000, "height": 1000}}