{"inference/Mean Iou oneclass (annotator1)": 0.4090648922172253, "inference/Iou for each class oneclass (annotator1)": [0.9928450546128831, 0.4090648922172253], "inference/Mean Iou multiclass (annotator1)": 0.44182186187365013, "inference/Iou for each class multiclass (annotator1)": [0.9922018828808749, 0.23888231856274253, 0.6447614051845577], "inference/Optimal threshold multiclass": 0.5433070659637451, "inference/Optimal IoU multiclass": 0.4427222073813505, "inference/Optimal threshold oneclass": 0.28740158677101135, "inference/Optimal IoU oneclass": 0.4160494262600513, "inference/AP oneclass": 0.5570299353015404, "inference/Optimal IoU head": 0.6478712496353628, "inference/Optimal IoU tail": 0.23930503369233824, "inference/Optimal threshold head": 0.5748031139373779, "inference/Optimal threshold tail": 0.437007874250412, "inference/IoU multiclass best tresholds": 0.44391393116212063, "inference/IoU merge treshold": 0.6023622155189514, "inference/Optimal IoU merge": 0.41554594215260643, "inference/IoU full agreement": 0.4411035221626037, "_timestamp": 1727425760.3348505, "_runtime": 423.2818994522095, "_step": 0, "_wandb": {"runtime": 422}}