{"inference/Mean Iou oneclass (annotator1)": 0.5391488666313097, "inference/Iou for each class oneclass (annotator1)": [0.994440791452193, 0.5391488666313097], "inference/Mean Iou multiclass (annotator1)": 0.5577323405566306, "inference/Iou for each class multiclass (annotator1)": [0.9944473986029662, 0.40602502429966036, 0.7094396568136008], "inference/Optimal threshold multiclass": 0.09448818862438202, "inference/Optimal IoU multiclass": 0.5592345390251507, "inference/Optimal threshold oneclass": 0.08267716318368912, "inference/Optimal IoU oneclass": 0.5411125923352574, "inference/AP oneclass": 0.5663639187644355, "inference/Optimal IoU head": 0.710296000525664, "inference/Optimal IoU tail": 0.40862642511338887, "inference/Optimal threshold head": 0.7401574850082397, "inference/Optimal threshold tail": 0.09448818862438202, "inference/IoU multiclass best tresholds": 0.561444744917908, "inference/IoU merge treshold": 0.09448818862438202, "inference/Optimal IoU merge": 0.5430328557971021, "inference/IoU full agreement": 0.5583578134378471, "_timestamp": 1727096135.62924, "_runtime": 447.53771710395813, "_step": 0, "_wandb": {"runtime": 447}}