{"train/train_loss": 0.23291964187390274, "train/train_loss_oneclass": 0.054931118049555354, "train/train_loss_multiclass": 0.17798852278954452, "train/train_iou_multiclass": 0.9993717759042853, "train/lr": 0.0, "train/epoch": 2, "_timestamp": 1723572906.6685283, "_runtime": 4289.265838384628, "_step": 7, "val/val_iou_multiclass": 0.0, "val/val_iou_oneclass": 0.996907320042283, "val/val_ap_oneclass": 0.1438329273845192, "val/val_ap_head": 0.14865010952167473, "val/val_ap_tail": 0.010378248555917447, "val/epoch": 2, "val/plot": {"_type": "image-file", "sha256": "b99574d4f82d0c5895f5ea4175c901d1d57c3d4fbf451e24926ad5323e80b2e6", "size": 28933, "path": "media/images/val/plot_6_b99574d4f82d0c5895f5.png", "format": "png", "width": 2000, "height": 1000}, "val/plot2": {"_type": "image-file", "sha256": "25af0c7be1959e1b02617d79ba5ce22b11fadefca46ecbd64029187017868914", "size": 28730, "path": "media/images/val/plot2_7_25af0c7be1959e1b0261.png", "format": "png", "width": 2000, "height": 1000}, "_wandb": {"runtime": 4289}}