{"inference/Mean Iou oneclass (annotator1)": 0.6024911044776822, "inference/Iou for each class oneclass (annotator1)": [0.995643903994023, 0.6024911044776822], "inference/Mean Iou multiclass (annotator1)": 0.6509428456364352, "inference/Iou for each class multiclass (annotator1)": [0.9954180934753994, 0.5346268809305006, 0.7672588103423698], "inference/Optimal threshold multiclass": 0.5078740119934082, "inference/Optimal IoU multiclass": 0.651161845364487, "inference/Optimal threshold oneclass": 0.24803149700164795, "inference/Optimal IoU oneclass": 0.6460628755613255, "inference/AP oneclass": 0.8494889140466775, "inference/Optimal IoU head": 0.7681386687356421, "inference/Optimal IoU tail": 0.539317000865795, "inference/Optimal threshold head": 0.4566929042339325, "inference/Optimal threshold tail": 0.5944882035255432, "inference/IoU multiclass best tresholds": 0.6525749807136901, "inference/IoU merge treshold": 0.5944882035255432, "inference/Optimal IoU merge": 0.6430639911470013, "inference/IoU full agreement": 0.6544384158298607, "_timestamp": 1727178772.8885472, "_runtime": 492.55975317955017, "_step": 0, "_wandb": {"runtime": 492}}