{"inference/Mean Iou oneclass (annotator1)": 0.5617417169238798, "inference/Iou for each class oneclass (annotator1)": [0.9946607079324032, 0.5617417169238798], "inference/Mean Iou multiclass (annotator1)": 0.5798452256981977, "inference/Iou for each class multiclass (annotator1)": [0.9944491020904922, 0.432534213062121, 0.7271562383342746], "inference/Optimal threshold multiclass": 0.6023622155189514, "inference/Optimal IoU multiclass": 0.5806033015841666, "inference/Optimal threshold oneclass": 0.21259842813014984, "inference/Optimal IoU oneclass": 0.5684715799011953, "inference/AP oneclass": 0.7160354371725258, "inference/Optimal IoU head": 0.7313589319796154, "inference/Optimal IoU tail": 0.4347251162428614, "inference/Optimal threshold head": 0.6850394010543823, "inference/Optimal threshold tail": 0.3779527544975281, "inference/IoU multiclass best tresholds": 0.583124327470938, "inference/IoU merge treshold": 0.5314960479736328, "inference/Optimal IoU merge": 0.5703057282105777, "inference/IoU full agreement": 0.5803894866504966, "_timestamp": 1727096746.0599778, "_runtime": 443.8183767795563, "_step": 0, "_wandb": {"runtime": 443}}