{"train/train_loss": 0.41526710780130494, "train/train_loss_oneclass": 0.0812929180295517, "train/train_loss_multiclass": 0.3339741923328903, "train/train_iou_multiclass": 0.9869464276814232, "train/lr": 0.0005, "train/epoch": 1, "_timestamp": 1727362669.64, "_runtime": 473.59209513664246, "_step": 3, "val/val_iou_multiclass": 0.0, "val/val_iou_oneclass": 1.0, "val/val_ap_oneclass": 0.04223751564409624, "val/val_ap_head": 0.023524891738866807, "val/val_ap_tail": 0.010488026215491228, "val/epoch": 1, "val/plot": {"_type": "image-file", "sha256": "d8f04cc23ba7dad2c7fa962788ea1e363cc1f0e1c06892176771f1487dc99077", "size": 32948, "path": "media/images/val/plot_2_d8f04cc23ba7dad2c7fa.png", "format": "png", "width": 2000, "height": 1000}, "val/plot2": {"_type": "image-file", "sha256": "d0d99f1eaf75c011cd6a85b9e55af39a84440c3de3990bdc79d15eb48dc02162", "size": 32734, "path": "media/images/val/plot2_3_d0d99f1eaf75c011cd6a.png", "format": "png", "width": 2000, "height": 1000}}