{"inference/Mean Iou oneclass (annotator1)": 0.5532456371880983, "inference/Iou for each class oneclass (annotator1)": [0.9946704707456049, 0.5532456371880983], "inference/Mean Iou multiclass (annotator1)": 0.5846651437874651, "inference/Iou for each class multiclass (annotator1)": [0.994540230860147, 0.43131506964142174, 0.7380152179335085], "inference/Optimal threshold multiclass": 0.3897637724876404, "inference/Optimal IoU multiclass": 0.5860311918125672, "inference/Optimal threshold oneclass": 0.13385826349258423, "inference/Optimal IoU oneclass": 0.5672580121304077, "inference/AP oneclass": 0.7237071051866092, "inference/Optimal IoU head": 0.7393329322350207, "inference/Optimal IoU tail": 0.43458525980854457, "inference/Optimal threshold head": 0.4842519760131836, "inference/Optimal threshold tail": 0.24015748500823975, "inference/IoU multiclass best tresholds": 0.5870740189939512, "inference/IoU merge treshold": 0.3818897604942322, "inference/Optimal IoU merge": 0.5686407108918493, "inference/IoU full agreement": 0.582736160163685, "_timestamp": 1727101642.6612062, "_runtime": 1633.9934742450714, "_step": 0, "_wandb": {"runtime": 1633}}