{"inference/Mean Iou oneclass (annotator1)": 0.5446465104699268, "inference/Iou for each class oneclass (annotator1)": [0.9947160344991737, 0.5446465104699268], "inference/Mean Iou multiclass (annotator1)": 0.5845905748057376, "inference/Iou for each class multiclass (annotator1)": [0.9945460388615155, 0.4417360115212827, 0.7274451380901925], "inference/Optimal threshold multiclass": 0.3937007784843445, "inference/Optimal IoU multiclass": 0.5874314186693008, "inference/Optimal threshold oneclass": 0.16141732037067413, "inference/Optimal IoU oneclass": 0.5697998593270123, "inference/AP oneclass": 0.7420492895813768, "inference/Optimal IoU head": 0.7311008441942629, "inference/Optimal IoU tail": 0.44446901643846937, "inference/Optimal threshold head": 0.3700787425041199, "inference/Optimal threshold tail": 0.3937007784843445, "inference/IoU multiclass best tresholds": 0.5871650204127793, "inference/IoU merge treshold": 0.3937007784843445, "inference/Optimal IoU merge": 0.5708095426915719, "inference/IoU full agreement": 0.5846999152835347, "_timestamp": 1727099782.6444187, "_runtime": 1507.1252727508545, "_step": 0, "_wandb": {"runtime": 1506}}