{"inference/Mean Iou oneclass (annotator1)": 0.5995095054049968, "inference/Iou for each class oneclass (annotator1)": [0.9956209522975867, 0.5995095054049968], "inference/Mean Iou multiclass (annotator1)": 0.6491111213069696, "inference/Iou for each class multiclass (annotator1)": [0.9954192925431471, 0.5343177600089974, 0.7639044826049418], "inference/Optimal threshold multiclass": 0.5196850299835205, "inference/Optimal IoU multiclass": 0.6502117200419482, "inference/Optimal threshold oneclass": 0.23228345811367035, "inference/Optimal IoU oneclass": 0.644012565682356, "inference/AP oneclass": 0.8489670428271477, "inference/Optimal IoU head": 0.7651169571428763, "inference/Optimal IoU tail": 0.5391967034670585, "inference/Optimal threshold head": 0.437007874250412, "inference/Optimal threshold tail": 0.5826771259307861, "inference/IoU multiclass best tresholds": 0.650698913624927, "inference/IoU merge treshold": 0.5826771259307861, "inference/Optimal IoU merge": 0.6419808443833113, "inference/IoU full agreement": 0.6523873999474766, "_timestamp": 1727179445.051241, "_runtime": 503.99032282829285, "_step": 0, "_wandb": {"runtime": 501}}