{"inference/Mean Iou oneclass (annotator1)": 0.5309703241736676, "inference/Iou for each class oneclass (annotator1)": [0.9936244634639911, 0.5309703241736676], "inference/Mean Iou multiclass (annotator1)": 0.5467562133310753, "inference/Iou for each class multiclass (annotator1)": [0.9921359750032426, 0.40654555605388487, 0.6869668706082658], "inference/Optimal threshold multiclass": 0.6850394010543823, "inference/Optimal IoU multiclass": 0.568360527581405, "inference/Optimal threshold oneclass": 0.3818897604942322, "inference/Optimal IoU oneclass": 0.5382787780901684, "inference/AP oneclass": 0.7122736546035261, "inference/Optimal IoU head": 0.7032103699186242, "inference/Optimal IoU tail": 0.4344647677440652, "inference/Optimal threshold head": 0.67322838306427, "inference/Optimal threshold tail": 0.7047244310379028, "inference/IoU multiclass best tresholds": 0.5679422142646966, "inference/IoU merge treshold": 0.7637795209884644, "inference/Optimal IoU merge": 0.5485879489794332, "inference/IoU full agreement": 0.5672832617006239, "_timestamp": 1727097376.160662, "_runtime": 480.1776988506317, "_step": 0, "_wandb": {"runtime": 479}}