{"inference/Mean Iou oneclass (annotator1)": 0.6044049241813773, "inference/Iou for each class oneclass (annotator1)": [0.9956421029921693, 0.6044049241813773], "inference/Mean Iou multiclass (annotator1)": 0.6488859061670098, "inference/Iou for each class multiclass (annotator1)": [0.9953930569724271, 0.5312007124231062, 0.7665710999109135], "inference/Optimal threshold multiclass": 0.5433070659637451, "inference/Optimal IoU multiclass": 0.6506764759117918, "inference/Optimal threshold oneclass": 0.26771652698516846, "inference/Optimal IoU oneclass": 0.6444656334171377, "inference/AP oneclass": 0.848291035498357, "inference/Optimal IoU head": 0.7676862421051718, "inference/Optimal IoU tail": 0.536246637306113, "inference/Optimal threshold head": 0.4685039222240448, "inference/Optimal threshold tail": 0.5551180839538574, "inference/IoU multiclass best tresholds": 0.6506204702256138, "inference/IoU merge treshold": 0.5984252095222473, "inference/Optimal IoU merge": 0.6427185626788452, "inference/IoU full agreement": 0.6513304886237343, "_timestamp": 1727178101.3626692, "_runtime": 453.844464302063, "_step": 0, "_wandb": {"runtime": 453}}