{"inference/Mean Iou oneclass (annotator1)": 0.6169065741806696, "inference/Iou for each class oneclass (annotator1)": [0.9956584713105281, 0.6169065741806696], "inference/Mean Iou multiclass (annotator1)": 0.645957960305785, "inference/Iou for each class multiclass (annotator1)": [0.9950625514440435, 0.5178421370218593, 0.7740737835897108], "inference/Optimal threshold multiclass": 0.5629920959472656, "inference/Optimal IoU multiclass": 0.6495247171820596, "inference/Optimal threshold oneclass": 0.31889763474464417, "inference/Optimal IoU oneclass": 0.6438837851062917, "inference/AP oneclass": 0.8434672708655546, "inference/Optimal IoU head": 0.7742274514190796, "inference/Optimal IoU tail": 0.5316913405135588, "inference/Optimal threshold head": 0.4488188922405243, "inference/Optimal threshold tail": 0.6377952694892883, "inference/IoU multiclass best tresholds": 0.6520116229443008, "inference/IoU merge treshold": 0.6377952694892883, "inference/Optimal IoU merge": 0.6399041132284535, "inference/IoU full agreement": 0.6530599733823734, "_timestamp": 1727180630.181695, "_runtime": 434.373419046402, "_step": 0, "_wandb": {"runtime": 433}}